<?xml version="1.0" encoding="UTF-8"?>
<DEFECTS>
  <DEFECT>
    <SFA>
      <FILEPATH>c:\users\jljac\source\repos\anagame\treclib\</FILEPATH>
      <FILENAME>tarraybase.h</FILENAME>
      <LINE>15</LINE>
      <COLUMN>0</COLUMN>
    </SFA>
    <DEFECTCODE>26495</DEFECTCODE>
    <DESCRIPTION>Variable 'TArrayBase::count' is uninitialized. Always initialize a member variable (type.6).</DESCRIPTION>
    <FUNCTION>TArrayBase::{ctor}</FUNCTION>
    <DECORATED>??0TArrayBase@@QAE@ABV0@@Z</DECORATED>
    <FUNCLINE>15</FUNCLINE>
    <PATH></PATH>
  </DEFECT>
  <DEFECT>
    <SFA>
      <FILEPATH>c:\users\jljac\source\repos\anagame\treclib\</FILEPATH>
      <FILENAME>tarraybase.h</FILENAME>
      <LINE>15</LINE>
      <COLUMN>0</COLUMN>
    </SFA>
    <DEFECTCODE>26495</DEFECTCODE>
    <DESCRIPTION>Variable 'TArrayBase::level' is uninitialized. Always initialize a member variable (type.6).</DESCRIPTION>
    <FUNCTION>TArrayBase::{ctor}</FUNCTION>
    <DECORATED>??0TArrayBase@@QAE@ABV0@@Z</DECORATED>
    <FUNCLINE>15</FUNCLINE>
    <PATH></PATH>
  </DEFECT>
  <DEFECT>
    <SFA>
      <FILEPATH>c:\users\jljac\source\repos\anagame\treclib\</FILEPATH>
      <FILENAME>float.h</FILENAME>
      <LINE>46</LINE>
      <COLUMN>0</COLUMN>
    </SFA>
    <DEFECTCODE>26495</DEFECTCODE>
    <DESCRIPTION>Variable 'Float::value' is uninitialized. Always initialize a member variable (type.6).</DESCRIPTION>
    <FUNCTION>Float::{ctor}</FUNCTION>
    <DECORATED>??0Float@@QAE@ABV0@@Z</DECORATED>
    <FUNCLINE>46</FUNCLINE>
    <PATH></PATH>
  </DEFECT>
  <DEFECT>
    <SFA>
      <FILEPATH>c:\users\jljac\source\repos\anagame\treclib\</FILEPATH>
      <FILENAME>float.cpp</FILENAME>
      <LINE>5</LINE>
      <COLUMN>7</COLUMN>
    </SFA>
    <DEFECTCODE>26495</DEFECTCODE>
    <DESCRIPTION>Variable 'Float::value' is uninitialized. Always initialize a member variable (type.6).</DESCRIPTION>
    <FUNCTION>Float::{ctor}</FUNCTION>
    <DECORATED>??0Float@@QAE@XZ</DECORATED>
    <FUNCLINE>5</FUNCLINE>
    <PATH></PATH>
  </DEFECT>
  <DEFECT>
    <SFA>
      <FILEPATH>c:\users\jljac\source\repos\anagame\treclib\</FILEPATH>
      <FILENAME>float.cpp</FILENAME>
      <LINE>28</LINE>
      <COLUMN>11</COLUMN>
    </SFA>
    <DEFECTCODE>6273</DEFECTCODE>
    <DESCRIPTION>Non-integer passed as _Param_(2) when an integer is required in call to 'ATL::CStringT&lt;wchar_t,StrTraitMFC_DLL&lt;wchar_t,ATL::ChTraitsCRT&lt;wchar_t&gt; &gt; &gt;::Format' Actual type: 'float':  if a pointer value is being passed, %p should be used.</DESCRIPTION>
    <FUNCTION>Float::toString</FUNCTION>
    <DECORATED>?toString@Float@@UAE?AVTString@@XZ</DECORATED>
    <FUNCLINE>25</FUNCLINE>
    <PATH></PATH>
  </DEFECT>
</DEFECTS>