<?xml version="1.0" encoding="UTF-8"?>
<DEFECTS>
  <DEFECT>
    <SFA>
      <FILEPATH>c:\users\jljac\source\repos\anagame\treclib\</FILEPATH>
      <FILENAME>tarraybase.h</FILENAME>
      <LINE>15</LINE>
      <COLUMN>0</COLUMN>
    </SFA>
    <DEFECTCODE>26495</DEFECTCODE>
    <DESCRIPTION>Variable 'TArrayBase::level' is uninitialized. Always initialize a member variable (type.6).</DESCRIPTION>
    <FUNCTION>TArrayBase::{ctor}</FUNCTION>
    <DECORATED>??0TArrayBase@@QAE@ABV0@@Z</DECORATED>
    <FUNCLINE>15</FUNCLINE>
    <PATH></PATH>
  </DEFECT>
  <DEFECT>
    <SFA>
      <FILEPATH>c:\users\jljac\source\repos\anagame\treclib\</FILEPATH>
      <FILENAME>tarraybase.h</FILENAME>
      <LINE>15</LINE>
      <COLUMN>0</COLUMN>
    </SFA>
    <DEFECTCODE>26495</DEFECTCODE>
    <DESCRIPTION>Variable 'TArrayBase::count' is uninitialized. Always initialize a member variable (type.6).</DESCRIPTION>
    <FUNCTION>TArrayBase::{ctor}</FUNCTION>
    <DECORATED>??0TArrayBase@@QAE@ABV0@@Z</DECORATED>
    <FUNCLINE>15</FUNCLINE>
    <PATH></PATH>
  </DEFECT>
  <DEFECT>
    <SFA>
      <FILEPATH>c:\users\jljac\source\repos\anagame\treclib\</FILEPATH>
      <FILENAME>parsereader_.h</FILENAME>
      <LINE>30</LINE>
      <COLUMN>0</COLUMN>
    </SFA>
    <DEFECTCODE>26495</DEFECTCODE>
    <DESCRIPTION>Variable 'ParseReader_::reader' is uninitialized. Always initialize a member variable (type.6).</DESCRIPTION>
    <FUNCTION>ParseReader_::{ctor}</FUNCTION>
    <DECORATED>??0ParseReader_@@QAE@ABV0@@Z</DECORATED>
    <FUNCLINE>30</FUNCLINE>
    <PATH></PATH>
  </DEFECT>
  <DEFECT>
    <SFA>
      <FILEPATH>c:\users\jljac\source\repos\anagame\treclib\</FILEPATH>
      <FILENAME>parsereader_.h</FILENAME>
      <LINE>30</LINE>
      <COLUMN>0</COLUMN>
    </SFA>
    <DEFECTCODE>26495</DEFECTCODE>
    <DESCRIPTION>Variable 'ParseReader_::respond' is uninitialized. Always initialize a member variable (type.6).</DESCRIPTION>
    <FUNCTION>ParseReader_::{ctor}</FUNCTION>
    <DECORATED>??0ParseReader_@@QAE@ABV0@@Z</DECORATED>
    <FUNCLINE>30</FUNCLINE>
    <PATH></PATH>
  </DEFECT>
  <DEFECT>
    <SFA>
      <FILEPATH>c:\users\jljac\source\repos\anagame\treclib\</FILEPATH>
      <FILENAME>parsereader_.h</FILENAME>
      <LINE>30</LINE>
      <COLUMN>0</COLUMN>
    </SFA>
    <DEFECTCODE>26495</DEFECTCODE>
    <DESCRIPTION>Variable 'ParseReader_::tReader' is uninitialized. Always initialize a member variable (type.6).</DESCRIPTION>
    <FUNCTION>ParseReader_::{ctor}</FUNCTION>
    <DECORATED>??0ParseReader_@@QAE@ABV0@@Z</DECORATED>
    <FUNCLINE>30</FUNCLINE>
    <PATH></PATH>
  </DEFECT>
  <DEFECT>
    <SFA>
      <FILEPATH>c:\users\jljac\source\repos\anagame\treclib\</FILEPATH>
      <FILENAME>parsereader_.h</FILENAME>
      <LINE>30</LINE>
      <COLUMN>0</COLUMN>
    </SFA>
    <DEFECTCODE>26495</DEFECTCODE>
    <DESCRIPTION>Variable 'ParseReader_::supported' is uninitialized. Always initialize a member variable (type.6).</DESCRIPTION>
    <FUNCTION>ParseReader_::{ctor}</FUNCTION>
    <DECORATED>??0ParseReader_@@QAE@ABV0@@Z</DECORATED>
    <FUNCLINE>30</FUNCLINE>
    <PATH></PATH>
  </DEFECT>
  <DEFECT>
    <SFA>
      <FILEPATH>c:\users\jljac\source\repos\anagame\treclib\</FILEPATH>
      <FILENAME>parsereader_.h</FILENAME>
      <LINE>30</LINE>
      <COLUMN>0</COLUMN>
    </SFA>
    <DEFECTCODE>26495</DEFECTCODE>
    <DESCRIPTION>Variable 'ParseReader_::materials' is uninitialized. Always initialize a member variable (type.6).</DESCRIPTION>
    <FUNCTION>ParseReader_::{ctor}</FUNCTION>
    <DECORATED>??0ParseReader_@@QAE@ABV0@@Z</DECORATED>
    <FUNCLINE>30</FUNCLINE>
    <PATH></PATH>
  </DEFECT>
  <DEFECT>
    <SFA>
      <FILEPATH>c:\users\jljac\source\repos\anagame\treclib\</FILEPATH>
      <FILENAME>parsereader_.h</FILENAME>
      <LINE>30</LINE>
      <COLUMN>0</COLUMN>
    </SFA>
    <DEFECTCODE>26495</DEFECTCODE>
    <DESCRIPTION>Variable 'ParseReader_::usingTFile' is uninitialized. Always initialize a member variable (type.6).</DESCRIPTION>
    <FUNCTION>ParseReader_::{ctor}</FUNCTION>
    <DECORATED>??0ParseReader_@@QAE@ABV0@@Z</DECORATED>
    <FUNCLINE>30</FUNCLINE>
    <PATH></PATH>
  </DEFECT>
  <DEFECT>
    <SFA>
      <FILEPATH>c:\users\jljac\source\repos\anagame\treclib\</FILEPATH>
      <FILENAME>html_reader.h</FILENAME>
      <LINE>38</LINE>
      <COLUMN>0</COLUMN>
    </SFA>
    <DEFECTCODE>26495</DEFECTCODE>
    <DESCRIPTION>Variable 'HTML_Reader::charDeduced' is uninitialized. Always initialize a member variable (type.6).</DESCRIPTION>
    <FUNCTION>HTML_Reader::{ctor}</FUNCTION>
    <DECORATED>??0HTML_Reader@@QAE@AAV0@@Z</DECORATED>
    <FUNCLINE>38</FUNCLINE>
    <PATH></PATH>
  </DEFECT>
  <DEFECT>
    <SFA>
      <FILEPATH>c:\users\jljac\source\repos\anagame\treclib\</FILEPATH>
      <FILENAME>html_reader.h</FILENAME>
      <LINE>38</LINE>
      <COLUMN>0</COLUMN>
    </SFA>
    <DEFECTCODE>26495</DEFECTCODE>
    <DESCRIPTION>Variable 'HTML_Reader::openTaken' is uninitialized. Always initialize a member variable (type.6).</DESCRIPTION>
    <FUNCTION>HTML_Reader::{ctor}</FUNCTION>
    <DECORATED>??0HTML_Reader@@QAE@AAV0@@Z</DECORATED>
    <FUNCLINE>38</FUNCLINE>
    <PATH></PATH>
  </DEFECT>
  <DEFECT>
    <SFA>
      <FILEPATH>c:\users\jljac\source\repos\anagame\treclib\</FILEPATH>
      <FILENAME>html_reader.h</FILENAME>
      <LINE>38</LINE>
      <COLUMN>0</COLUMN>
    </SFA>
    <DEFECTCODE>26495</DEFECTCODE>
    <DESCRIPTION>Variable 'HTML_Reader::usingWide' is uninitialized. Always initialize a member variable (type.6).</DESCRIPTION>
    <FUNCTION>HTML_Reader::{ctor}</FUNCTION>
    <DECORATED>??0HTML_Reader@@QAE@AAV0@@Z</DECORATED>
    <FUNCLINE>38</FUNCLINE>
    <PATH></PATH>
  </DEFECT>
  <DEFECT>
    <SFA>
      <FILEPATH>c:\users\jljac\source\repos\anagame\treclib\</FILEPATH>
      <FILENAME>html_reader.h</FILENAME>
      <LINE>38</LINE>
      <COLUMN>0</COLUMN>
    </SFA>
    <DEFECTCODE>26495</DEFECTCODE>
    <DESCRIPTION>Variable 'HTML_Reader::contentMode' is uninitialized. Always initialize a member variable (type.6).</DESCRIPTION>
    <FUNCTION>HTML_Reader::{ctor}</FUNCTION>
    <DECORATED>??0HTML_Reader@@QAE@AAV0@@Z</DECORATED>
    <FUNCLINE>38</FUNCLINE>
    <PATH></PATH>
  </DEFECT>
  <DEFECT>
    <SFA>
      <FILEPATH>c:\users\jljac\source\repos\anagame\treclib\</FILEPATH>
      <FILENAME>html_reader.h</FILENAME>
      <LINE>38</LINE>
      <COLUMN>0</COLUMN>
    </SFA>
    <DEFECTCODE>26495</DEFECTCODE>
    <DESCRIPTION>Variable 'HTML_Reader::contentSpace' is uninitialized. Always initialize a member variable (type.6).</DESCRIPTION>
    <FUNCTION>HTML_Reader::{ctor}</FUNCTION>
    <DECORATED>??0HTML_Reader@@QAE@AAV0@@Z</DECORATED>
    <FUNCLINE>38</FUNCLINE>
    <PATH></PATH>
  </DEFECT>
  <DEFECT>
    <SFA>
      <FILEPATH>c:\users\jljac\source\repos\anagame\treclib\</FILEPATH>
      <FILENAME>html_reader.cpp</FILENAME>
      <LINE>14</LINE>
      <COLUMN>13</COLUMN>
    </SFA>
    <DEFECTCODE>26495</DEFECTCODE>
    <DESCRIPTION>Variable 'HTML_Reader::usingWide' is uninitialized. Always initialize a member variable (type.6).</DESCRIPTION>
    <FUNCTION>HTML_Reader::{ctor}</FUNCTION>
    <DECORATED>??0HTML_Reader@@QAE@PAVCArchive@@PAVParser_@@@Z</DECORATED>
    <FUNCLINE>14</FUNCLINE>
    <PATH></PATH>
  </DEFECT>
  <DEFECT>
    <SFA>
      <FILEPATH>c:\users\jljac\source\repos\anagame\treclib\</FILEPATH>
      <FILENAME>html_reader.cpp</FILENAME>
      <LINE>23</LINE>
      <COLUMN>13</COLUMN>
    </SFA>
    <DEFECTCODE>26495</DEFECTCODE>
    <DESCRIPTION>Variable 'HTML_Reader::charDeduced' is uninitialized. Always initialize a member variable (type.6).</DESCRIPTION>
    <FUNCTION>HTML_Reader::{ctor}</FUNCTION>
    <DECORATED>??0HTML_Reader@@QAE@PAVTFile@@PAVParser_@@@Z</DECORATED>
    <FUNCLINE>23</FUNCLINE>
    <PATH></PATH>
  </DEFECT>
  <DEFECT>
    <SFA>
      <FILEPATH>c:\users\jljac\source\repos\anagame\treclib\</FILEPATH>
      <FILENAME>html_reader.cpp</FILENAME>
      <LINE>23</LINE>
      <COLUMN>13</COLUMN>
    </SFA>
    <DEFECTCODE>26495</DEFECTCODE>
    <DESCRIPTION>Variable 'HTML_Reader::openTaken' is uninitialized. Always initialize a member variable (type.6).</DESCRIPTION>
    <FUNCTION>HTML_Reader::{ctor}</FUNCTION>
    <DECORATED>??0HTML_Reader@@QAE@PAVTFile@@PAVParser_@@@Z</DECORATED>
    <FUNCLINE>23</FUNCLINE>
    <PATH></PATH>
  </DEFECT>
  <DEFECT>
    <SFA>
      <FILEPATH>c:\users\jljac\source\repos\anagame\treclib\</FILEPATH>
      <FILENAME>html_reader.cpp</FILENAME>
      <LINE>23</LINE>
      <COLUMN>13</COLUMN>
    </SFA>
    <DEFECTCODE>26495</DEFECTCODE>
    <DESCRIPTION>Variable 'HTML_Reader::usingWide' is uninitialized. Always initialize a member variable (type.6).</DESCRIPTION>
    <FUNCTION>HTML_Reader::{ctor}</FUNCTION>
    <DECORATED>??0HTML_Reader@@QAE@PAVTFile@@PAVParser_@@@Z</DECORATED>
    <FUNCLINE>23</FUNCLINE>
    <PATH></PATH>
  </DEFECT>
  <DEFECT>
    <SFA>
      <FILEPATH>c:\users\jljac\source\repos\anagame\treclib\</FILEPATH>
      <FILENAME>html_reader.cpp</FILENAME>
      <LINE>23</LINE>
      <COLUMN>13</COLUMN>
    </SFA>
    <DEFECTCODE>26495</DEFECTCODE>
    <DESCRIPTION>Variable 'HTML_Reader::contentMode' is uninitialized. Always initialize a member variable (type.6).</DESCRIPTION>
    <FUNCTION>HTML_Reader::{ctor}</FUNCTION>
    <DECORATED>??0HTML_Reader@@QAE@PAVTFile@@PAVParser_@@@Z</DECORATED>
    <FUNCLINE>23</FUNCLINE>
    <PATH></PATH>
  </DEFECT>
  <DEFECT>
    <SFA>
      <FILEPATH>c:\users\jljac\source\repos\anagame\treclib\</FILEPATH>
      <FILENAME>html_reader.cpp</FILENAME>
      <LINE>23</LINE>
      <COLUMN>13</COLUMN>
    </SFA>
    <DEFECTCODE>26495</DEFECTCODE>
    <DESCRIPTION>Variable 'HTML_Reader::contentSpace' is uninitialized. Always initialize a member variable (type.6).</DESCRIPTION>
    <FUNCTION>HTML_Reader::{ctor}</FUNCTION>
    <DECORATED>??0HTML_Reader@@QAE@PAVTFile@@PAVParser_@@@Z</DECORATED>
    <FUNCLINE>23</FUNCLINE>
    <PATH></PATH>
  </DEFECT>
</DEFECTS>