<?xml version="1.0" encoding="UTF-8"?>
<DEFECTS>
  <DEFECT>
    <SFA>
      <FILEPATH>c:\users\jljac\source\repos\anagame\treclib\</FILEPATH>
      <FILENAME>tarraybase.h</FILENAME>
      <LINE>15</LINE>
      <COLUMN>0</COLUMN>
    </SFA>
    <DEFECTCODE>26495</DEFECTCODE>
    <DESCRIPTION>Variable 'TArrayBase::level' is uninitialized. Always initialize a member variable (type.6).</DESCRIPTION>
    <FUNCTION>TArrayBase::{ctor}</FUNCTION>
    <DECORATED>??0TArrayBase@@QAE@ABV0@@Z</DECORATED>
    <FUNCLINE>15</FUNCLINE>
    <PATH></PATH>
  </DEFECT>
  <DEFECT>
    <SFA>
      <FILEPATH>c:\users\jljac\source\repos\anagame\treclib\</FILEPATH>
      <FILENAME>tarraybase.h</FILENAME>
      <LINE>15</LINE>
      <COLUMN>0</COLUMN>
    </SFA>
    <DEFECTCODE>26495</DEFECTCODE>
    <DESCRIPTION>Variable 'TArrayBase::count' is uninitialized. Always initialize a member variable (type.6).</DESCRIPTION>
    <FUNCTION>TArrayBase::{ctor}</FUNCTION>
    <DECORATED>??0TArrayBase@@QAE@ABV0@@Z</DECORATED>
    <FUNCLINE>15</FUNCLINE>
    <PATH></PATH>
  </DEFECT>
  <DEFECT>
    <SFA>
      <FILEPATH>c:\users\jljac\source\repos\anagame\treclib\</FILEPATH>
      <FILENAME>long.cpp</FILENAME>
      <LINE>52</LINE>
      <COLUMN>11</COLUMN>
    </SFA>
    <DEFECTCODE>6328</DEFECTCODE>
    <DESCRIPTION>Size mismatch: '__int64' passed as _Param_(2) when 'int' is required in call to 'ATL::CStringT&lt;wchar_t,StrTraitMFC_DLL&lt;wchar_t,ATL::ChTraitsCRT&lt;wchar_t&gt; &gt; &gt;::Format'. </DESCRIPTION>
    <FUNCTION>Long::toString</FUNCTION>
    <DECORATED>?toString@Long@@UAE?AVTString@@XZ</DECORATED>
    <FUNCLINE>49</FUNCLINE>
    <PATH></PATH>
  </DEFECT>
</DEFECTS>