<?xml version="1.0" encoding="UTF-8"?>
<DEFECTS>
  <DEFECT>
    <SFA>
      <FILEPATH>c:\users\jljac\source\repos\anagame\treclib\</FILEPATH>
      <FILENAME>tdataarraybase.h</FILENAME>
      <LINE>13</LINE>
      <COLUMN>0</COLUMN>
    </SFA>
    <DEFECTCODE>26495</DEFECTCODE>
    <DESCRIPTION>Variable 'TDataArrayBase::capacity' is uninitialized. Always initialize a member variable (type.6).</DESCRIPTION>
    <FUNCTION>TDataArrayBase::{ctor}</FUNCTION>
    <DECORATED>??0TDataArrayBase@@QAE@ABV0@@Z</DECORATED>
    <FUNCLINE>13</FUNCLINE>
    <PATH></PATH>
  </DEFECT>
  <DEFECT>
    <SFA>
      <FILEPATH>c:\users\jljac\source\repos\anagame\treclib\</FILEPATH>
      <FILENAME>tdataarraybase.h</FILENAME>
      <LINE>13</LINE>
      <COLUMN>0</COLUMN>
    </SFA>
    <DEFECTCODE>26495</DEFECTCODE>
    <DESCRIPTION>Variable 'TDataArrayBase::size' is uninitialized. Always initialize a member variable (type.6).</DESCRIPTION>
    <FUNCTION>TDataArrayBase::{ctor}</FUNCTION>
    <DECORATED>??0TDataArrayBase@@QAE@ABV0@@Z</DECORATED>
    <FUNCLINE>13</FUNCLINE>
    <PATH></PATH>
  </DEFECT>
  <DEFECT>
    <SFA>
      <FILEPATH>c:\users\jljac\source\repos\anagame\treclib\</FILEPATH>
      <FILENAME>tdataarraybase.cpp</FILENAME>
      <LINE>5</LINE>
      <COLUMN>16</COLUMN>
    </SFA>
    <DEFECTCODE>26495</DEFECTCODE>
    <DESCRIPTION>Variable 'TDataArrayBase::capacity' is uninitialized. Always initialize a member variable (type.6).</DESCRIPTION>
    <FUNCTION>TDataArrayBase::{ctor}</FUNCTION>
    <DECORATED>??0TDataArrayBase@@QAE@XZ</DECORATED>
    <FUNCLINE>5</FUNCLINE>
    <PATH></PATH>
  </DEFECT>
  <DEFECT>
    <SFA>
      <FILEPATH>c:\users\jljac\source\repos\anagame\treclib\</FILEPATH>
      <FILENAME>tdataarraybase.cpp</FILENAME>
      <LINE>5</LINE>
      <COLUMN>16</COLUMN>
    </SFA>
    <DEFECTCODE>26495</DEFECTCODE>
    <DESCRIPTION>Variable 'TDataArrayBase::size' is uninitialized. Always initialize a member variable (type.6).</DESCRIPTION>
    <FUNCTION>TDataArrayBase::{ctor}</FUNCTION>
    <DECORATED>??0TDataArrayBase@@QAE@XZ</DECORATED>
    <FUNCLINE>5</FUNCLINE>
    <PATH></PATH>
  </DEFECT>
</DEFECTS>