<?xml version="1.0" encoding="UTF-8"?>
<DEFECTS>
  <DEFECT>
    <SFA>
      <FILEPATH>c:\users\jljac\source\repos\anagame\treclib\</FILEPATH>
      <FILENAME>tarraybase.h</FILENAME>
      <LINE>15</LINE>
      <COLUMN>0</COLUMN>
    </SFA>
    <DEFECTCODE>26495</DEFECTCODE>
    <DESCRIPTION>Variable 'TArrayBase::level' is uninitialized. Always initialize a member variable (type.6).</DESCRIPTION>
    <FUNCTION>TArrayBase::{ctor}</FUNCTION>
    <DECORATED>??0TArrayBase@@QAE@ABV0@@Z</DECORATED>
    <FUNCLINE>15</FUNCLINE>
    <PATH></PATH>
  </DEFECT>
  <DEFECT>
    <SFA>
      <FILEPATH>c:\users\jljac\source\repos\anagame\treclib\</FILEPATH>
      <FILENAME>tarraybase.h</FILENAME>
      <LINE>15</LINE>
      <COLUMN>0</COLUMN>
    </SFA>
    <DEFECTCODE>26495</DEFECTCODE>
    <DESCRIPTION>Variable 'TArrayBase::count' is uninitialized. Always initialize a member variable (type.6).</DESCRIPTION>
    <FUNCTION>TArrayBase::{ctor}</FUNCTION>
    <DECORATED>??0TArrayBase@@QAE@ABV0@@Z</DECORATED>
    <FUNCLINE>15</FUNCLINE>
    <PATH></PATH>
  </DEFECT>
  <DEFECT>
    <SFA>
      <FILEPATH>c:\users\jljac\source\repos\anagame\treclib\</FILEPATH>
      <FILENAME>tfile.cpp</FILENAME>
      <LINE>29</LINE>
      <COLUMN>6</COLUMN>
    </SFA>
    <DEFECTCODE>26444</DEFECTCODE>
    <DESCRIPTION>Avoid unnamed objects with custom construction and destruction (es.84).</DESCRIPTION>
    <FUNCTION>TFile::{ctor}</FUNCTION>
    <DECORATED>??0TFile@@QAE@PB_WI@Z</DECORATED>
    <FUNCLINE>26</FUNCLINE>
    <PATH></PATH>
  </DEFECT>
  <DEFECT>
    <SFA>
      <FILEPATH>c:\users\jljac\source\repos\anagame\treclib\</FILEPATH>
      <FILENAME>tfile.cpp</FILENAME>
      <LINE>47</LINE>
      <COLUMN>6</COLUMN>
    </SFA>
    <DEFECTCODE>26444</DEFECTCODE>
    <DESCRIPTION>Avoid unnamed objects with custom construction and destruction (es.84).</DESCRIPTION>
    <FUNCTION>TFile::{ctor}</FUNCTION>
    <DECORATED>??0TFile@@QAE@AAVTString@@I@Z</DECORATED>
    <FUNCLINE>44</FUNCLINE>
    <PATH></PATH>
  </DEFECT>
</DEFECTS>