<?xml version="1.0" encoding="UTF-8"?>
<DEFECTS>
  <DEFECT>
    <SFA>
      <FILEPATH>c:\users\jljac\source\repos\anagame\treclib\</FILEPATH>
      <FILENAME>tarraybase.h</FILENAME>
      <LINE>15</LINE>
      <COLUMN>0</COLUMN>
    </SFA>
    <DEFECTCODE>26495</DEFECTCODE>
    <DESCRIPTION>Variable 'TArrayBase::count' is uninitialized. Always initialize a member variable (type.6).</DESCRIPTION>
    <FUNCTION>TArrayBase::{ctor}</FUNCTION>
    <DECORATED>??0TArrayBase@@QAE@ABV0@@Z</DECORATED>
    <FUNCLINE>15</FUNCLINE>
    <PATH></PATH>
  </DEFECT>
  <DEFECT>
    <SFA>
      <FILEPATH>c:\users\jljac\source\repos\anagame\treclib\</FILEPATH>
      <FILENAME>tarraybase.h</FILENAME>
      <LINE>15</LINE>
      <COLUMN>0</COLUMN>
    </SFA>
    <DEFECTCODE>26495</DEFECTCODE>
    <DESCRIPTION>Variable 'TArrayBase::level' is uninitialized. Always initialize a member variable (type.6).</DESCRIPTION>
    <FUNCTION>TArrayBase::{ctor}</FUNCTION>
    <DECORATED>??0TArrayBase@@QAE@ABV0@@Z</DECORATED>
    <FUNCLINE>15</FUNCLINE>
    <PATH></PATH>
  </DEFECT>
  <DEFECT>
    <SFA>
      <FILEPATH>c:\users\jljac\source\repos\anagame\treclib\</FILEPATH>
      <FILENAME>parsereader_.h</FILENAME>
      <LINE>30</LINE>
      <COLUMN>0</COLUMN>
    </SFA>
    <DEFECTCODE>26495</DEFECTCODE>
    <DESCRIPTION>Variable 'ParseReader_::reader' is uninitialized. Always initialize a member variable (type.6).</DESCRIPTION>
    <FUNCTION>ParseReader_::{ctor}</FUNCTION>
    <DECORATED>??0ParseReader_@@QAE@ABV0@@Z</DECORATED>
    <FUNCLINE>30</FUNCLINE>
    <PATH></PATH>
  </DEFECT>
  <DEFECT>
    <SFA>
      <FILEPATH>c:\users\jljac\source\repos\anagame\treclib\</FILEPATH>
      <FILENAME>parsereader_.h</FILENAME>
      <LINE>30</LINE>
      <COLUMN>0</COLUMN>
    </SFA>
    <DEFECTCODE>26495</DEFECTCODE>
    <DESCRIPTION>Variable 'ParseReader_::respond' is uninitialized. Always initialize a member variable (type.6).</DESCRIPTION>
    <FUNCTION>ParseReader_::{ctor}</FUNCTION>
    <DECORATED>??0ParseReader_@@QAE@ABV0@@Z</DECORATED>
    <FUNCLINE>30</FUNCLINE>
    <PATH></PATH>
  </DEFECT>
  <DEFECT>
    <SFA>
      <FILEPATH>c:\users\jljac\source\repos\anagame\treclib\</FILEPATH>
      <FILENAME>parsereader_.h</FILENAME>
      <LINE>30</LINE>
      <COLUMN>0</COLUMN>
    </SFA>
    <DEFECTCODE>26495</DEFECTCODE>
    <DESCRIPTION>Variable 'ParseReader_::tReader' is uninitialized. Always initialize a member variable (type.6).</DESCRIPTION>
    <FUNCTION>ParseReader_::{ctor}</FUNCTION>
    <DECORATED>??0ParseReader_@@QAE@ABV0@@Z</DECORATED>
    <FUNCLINE>30</FUNCLINE>
    <PATH></PATH>
  </DEFECT>
  <DEFECT>
    <SFA>
      <FILEPATH>c:\users\jljac\source\repos\anagame\treclib\</FILEPATH>
      <FILENAME>parsereader_.h</FILENAME>
      <LINE>30</LINE>
      <COLUMN>0</COLUMN>
    </SFA>
    <DEFECTCODE>26495</DEFECTCODE>
    <DESCRIPTION>Variable 'ParseReader_::supported' is uninitialized. Always initialize a member variable (type.6).</DESCRIPTION>
    <FUNCTION>ParseReader_::{ctor}</FUNCTION>
    <DECORATED>??0ParseReader_@@QAE@ABV0@@Z</DECORATED>
    <FUNCLINE>30</FUNCLINE>
    <PATH></PATH>
  </DEFECT>
  <DEFECT>
    <SFA>
      <FILEPATH>c:\users\jljac\source\repos\anagame\treclib\</FILEPATH>
      <FILENAME>parsereader_.h</FILENAME>
      <LINE>30</LINE>
      <COLUMN>0</COLUMN>
    </SFA>
    <DEFECTCODE>26495</DEFECTCODE>
    <DESCRIPTION>Variable 'ParseReader_::materials' is uninitialized. Always initialize a member variable (type.6).</DESCRIPTION>
    <FUNCTION>ParseReader_::{ctor}</FUNCTION>
    <DECORATED>??0ParseReader_@@QAE@ABV0@@Z</DECORATED>
    <FUNCLINE>30</FUNCLINE>
    <PATH></PATH>
  </DEFECT>
  <DEFECT>
    <SFA>
      <FILEPATH>c:\users\jljac\source\repos\anagame\treclib\</FILEPATH>
      <FILENAME>parsereader_.h</FILENAME>
      <LINE>30</LINE>
      <COLUMN>0</COLUMN>
    </SFA>
    <DEFECTCODE>26495</DEFECTCODE>
    <DESCRIPTION>Variable 'ParseReader_::usingTFile' is uninitialized. Always initialize a member variable (type.6).</DESCRIPTION>
    <FUNCTION>ParseReader_::{ctor}</FUNCTION>
    <DECORATED>??0ParseReader_@@QAE@ABV0@@Z</DECORATED>
    <FUNCLINE>30</FUNCLINE>
    <PATH></PATH>
  </DEFECT>
</DEFECTS>