<?xml version="1.0" encoding="UTF-8"?>
<DEFECTS>
  <DEFECT>
    <SFA>
      <FILEPATH>c:\users\jljac\source\repos\anagame\treclib\</FILEPATH>
      <FILENAME>trecpointerbase.cpp</FILENAME>
      <LINE>19</LINE>
      <COLUMN>17</COLUMN>
    </SFA>
    <DEFECTCODE>26495</DEFECTCODE>
    <DESCRIPTION>Variable 'TrecPointerBase::index' is uninitialized. Always initialize a member variable (type.6).</DESCRIPTION>
    <FUNCTION>TrecPointerBase::{ctor}</FUNCTION>
    <DECORATED>??0TrecPointerBase@@QAE@XZ</DECORATED>
    <FUNCLINE>19</FUNCLINE>
    <PATH></PATH>
  </DEFECT>
  <DEFECT>
    <SFA>
      <FILEPATH>c:\users\jljac\source\repos\anagame\treclib\</FILEPATH>
      <FILENAME>trecpointerbase.cpp</FILENAME>
      <LINE>19</LINE>
      <COLUMN>17</COLUMN>
    </SFA>
    <DEFECTCODE>26495</DEFECTCODE>
    <DESCRIPTION>Variable 'TrecPointerBase::dontDeRef' is uninitialized. Always initialize a member variable (type.6).</DESCRIPTION>
    <FUNCTION>TrecPointerBase::{ctor}</FUNCTION>
    <DECORATED>??0TrecPointerBase@@QAE@XZ</DECORATED>
    <FUNCLINE>19</FUNCLINE>
    <PATH></PATH>
  </DEFECT>
  <DEFECT>
    <SFA>
      <FILEPATH>c:\users\jljac\source\repos\anagame\treclib\</FILEPATH>
      <FILENAME>trecpointerbase.cpp</FILENAME>
      <LINE>19</LINE>
      <COLUMN>17</COLUMN>
    </SFA>
    <DEFECTCODE>26495</DEFECTCODE>
    <DESCRIPTION>Variable 'TrecPointerBase::timeCount' is uninitialized. Always initialize a member variable (type.6).</DESCRIPTION>
    <FUNCTION>TrecPointerBase::{ctor}</FUNCTION>
    <DECORATED>??0TrecPointerBase@@QAE@XZ</DECORATED>
    <FUNCLINE>19</FUNCLINE>
    <PATH></PATH>
  </DEFECT>
  <DEFECT>
    <SFA>
      <FILEPATH>c:\users\jljac\source\repos\anagame\treclib\</FILEPATH>
      <FILENAME>trecpointerbase.cpp</FILENAME>
      <LINE>29</LINE>
      <COLUMN>17</COLUMN>
    </SFA>
    <DEFECTCODE>26495</DEFECTCODE>
    <DESCRIPTION>Variable 'TrecPointerBase::index' is uninitialized. Always initialize a member variable (type.6).</DESCRIPTION>
    <FUNCTION>TrecPointerBase::{ctor}</FUNCTION>
    <DECORATED>??0TrecPointerBase@@QAE@AAV0@@Z</DECORATED>
    <FUNCLINE>29</FUNCLINE>
    <PATH></PATH>
  </DEFECT>
  <DEFECT>
    <SFA>
      <FILEPATH>c:\users\jljac\source\repos\anagame\treclib\</FILEPATH>
      <FILENAME>trecpointerbase.cpp</FILENAME>
      <LINE>29</LINE>
      <COLUMN>17</COLUMN>
    </SFA>
    <DEFECTCODE>26495</DEFECTCODE>
    <DESCRIPTION>Variable 'TrecPointerBase::dontDeRef' is uninitialized. Always initialize a member variable (type.6).</DESCRIPTION>
    <FUNCTION>TrecPointerBase::{ctor}</FUNCTION>
    <DECORATED>??0TrecPointerBase@@QAE@AAV0@@Z</DECORATED>
    <FUNCLINE>29</FUNCLINE>
    <PATH></PATH>
  </DEFECT>
  <DEFECT>
    <SFA>
      <FILEPATH>c:\users\jljac\source\repos\anagame\treclib\</FILEPATH>
      <FILENAME>trecpointerbase.cpp</FILENAME>
      <LINE>29</LINE>
      <COLUMN>17</COLUMN>
    </SFA>
    <DEFECTCODE>26495</DEFECTCODE>
    <DESCRIPTION>Variable 'TrecPointerBase::timeCount' is uninitialized. Always initialize a member variable (type.6).</DESCRIPTION>
    <FUNCTION>TrecPointerBase::{ctor}</FUNCTION>
    <DECORATED>??0TrecPointerBase@@QAE@AAV0@@Z</DECORATED>
    <FUNCLINE>29</FUNCLINE>
    <PATH></PATH>
  </DEFECT>
</DEFECTS>