﻿<?xml version="1.0" encoding="utf-8"?><DEFECTS><DEFECT>
    <SFA>
      <FILEPATH>c:\users\jljac\source\repos\anagame\treclib\</FILEPATH>
      <FILENAME>tarraybase.h</FILENAME>
      <LINE>15</LINE>
      <COLUMN>0</COLUMN>
    </SFA>
    <DEFECTCODE>26495</DEFECTCODE>
    <DESCRIPTION>Variable 'TArrayBase::level' is uninitialized. Always initialize a member variable (type.6).</DESCRIPTION>
    <FUNCTION>TArrayBase::{ctor}</FUNCTION>
    <DECORATED>??0TArrayBase@@QAE@ABV0@@Z</DECORATED>
    <FUNCLINE>15</FUNCLINE>
    <PATH></PATH>
  </DEFECT><DEFECT>
    <SFA>
      <FILEPATH>c:\users\jljac\source\repos\anagame\treclib\</FILEPATH>
      <FILENAME>double.h</FILENAME>
      <LINE>49</LINE>
      <COLUMN>0</COLUMN>
    </SFA>
    <DEFECTCODE>26495</DEFECTCODE>
    <DESCRIPTION>Variable 'Double::value' is uninitialized. Always initialize a member variable (type.6).</DESCRIPTION>
    <FUNCTION>Double::{ctor}</FUNCTION>
    <DECORATED>??0Double@@QAE@ABV0@@Z</DECORATED>
    <FUNCLINE>49</FUNCLINE>
    <PATH></PATH>
  </DEFECT><DEFECT>
    <SFA>
      <FILEPATH>c:\users\jljac\source\repos\anagame\treclib\</FILEPATH>
      <FILENAME>float.h</FILENAME>
      <LINE>46</LINE>
      <COLUMN>0</COLUMN>
    </SFA>
    <DEFECTCODE>26495</DEFECTCODE>
    <DESCRIPTION>Variable 'Float::value' is uninitialized. Always initialize a member variable (type.6).</DESCRIPTION>
    <FUNCTION>Float::{ctor}</FUNCTION>
    <DECORATED>??0Float@@QAE@ABV0@@Z</DECORATED>
    <FUNCLINE>46</FUNCLINE>
    <PATH></PATH>
  </DEFECT><DEFECT>
    <SFA>
      <FILEPATH>c:\users\jljac\source\repos\anagame\treclib\</FILEPATH>
      <FILENAME>double.cpp</FILENAME>
      <LINE>8</LINE>
      <COLUMN>8</COLUMN>
    </SFA>
    <DEFECTCODE>26495</DEFECTCODE>
    <DESCRIPTION>Variable 'Double::value' is uninitialized. Always initialize a member variable (type.6).</DESCRIPTION>
    <FUNCTION>Double::{ctor}</FUNCTION>
    <DECORATED>??0Double@@QAE@XZ</DECORATED>
    <FUNCLINE>8</FUNCLINE>
    <PATH></PATH>
  </DEFECT><DEFECT>
    <SFA>
      <FILEPATH>c:\users\jljac\source\repos\anagame\treclib\</FILEPATH>
      <FILENAME>double.cpp</FILENAME>
      <LINE>31</LINE>
      <COLUMN>11</COLUMN>
    </SFA>
    <DEFECTCODE>6273</DEFECTCODE>
    <DESCRIPTION>Non-integer passed as _Param_(2) when an integer is required in call to 'ATL::CStringT&lt;wchar_t,StrTraitMFC_DLL&lt;wchar_t,ATL::ChTraitsCRT&lt;wchar_t&gt; &gt; &gt;::Format' Actual type: 'double':  if a pointer value is being passed, %p should be used.</DESCRIPTION>
    <FUNCTION>Double::toString</FUNCTION>
    <DECORATED>?toString@Double@@UAE?AVTString@@XZ</DECORATED>
    <FUNCLINE>28</FUNCLINE>
    <PATH></PATH>
  </DEFECT><DEFECT>
    <SFA>
      <FILEPATH>c:\users\jljac\source\repos\anagame\treclib\</FILEPATH>
      <FILENAME>float.cpp</FILENAME>
      <LINE>5</LINE>
      <COLUMN>7</COLUMN>
    </SFA>
    <DEFECTCODE>26495</DEFECTCODE>
    <DESCRIPTION>Variable 'Float::value' is uninitialized. Always initialize a member variable (type.6).</DESCRIPTION>
    <FUNCTION>Float::{ctor}</FUNCTION>
    <DECORATED>??0Float@@QAE@XZ</DECORATED>
    <FUNCLINE>5</FUNCLINE>
    <PATH></PATH>
  </DEFECT><DEFECT>
    <SFA>
      <FILEPATH>c:\users\jljac\source\repos\anagame\treclib\</FILEPATH>
      <FILENAME>float.cpp</FILENAME>
      <LINE>28</LINE>
      <COLUMN>11</COLUMN>
    </SFA>
    <DEFECTCODE>6273</DEFECTCODE>
    <DESCRIPTION>Non-integer passed as _Param_(2) when an integer is required in call to 'ATL::CStringT&lt;wchar_t,StrTraitMFC_DLL&lt;wchar_t,ATL::ChTraitsCRT&lt;wchar_t&gt; &gt; &gt;::Format' Actual type: 'float':  if a pointer value is being passed, %p should be used.</DESCRIPTION>
    <FUNCTION>Float::toString</FUNCTION>
    <DECORATED>?toString@Float@@UAE?AVTString@@XZ</DECORATED>
    <FUNCLINE>25</FUNCLINE>
    <PATH></PATH>
  </DEFECT><DEFECT>
    <SFA>
      <FILEPATH>c:\users\jljac\source\repos\anagame\treclib\</FILEPATH>
      <FILENAME>parsereader_.h</FILENAME>
      <LINE>30</LINE>
      <COLUMN>0</COLUMN>
    </SFA>
    <DEFECTCODE>26495</DEFECTCODE>
    <DESCRIPTION>Variable 'ParseReader_::reader' is uninitialized. Always initialize a member variable (type.6).</DESCRIPTION>
    <FUNCTION>ParseReader_::{ctor}</FUNCTION>
    <DECORATED>??0ParseReader_@@QAE@ABV0@@Z</DECORATED>
    <FUNCLINE>30</FUNCLINE>
    <PATH></PATH>
  </DEFECT><DEFECT>
    <SFA>
      <FILEPATH>c:\users\jljac\source\repos\anagame\treclib\</FILEPATH>
      <FILENAME>html_reader.h</FILENAME>
      <LINE>38</LINE>
      <COLUMN>0</COLUMN>
    </SFA>
    <DEFECTCODE>26495</DEFECTCODE>
    <DESCRIPTION>Variable 'HTML_Reader::charDeduced' is uninitialized. Always initialize a member variable (type.6).</DESCRIPTION>
    <FUNCTION>HTML_Reader::{ctor}</FUNCTION>
    <DECORATED>??0HTML_Reader@@QAE@AAV0@@Z</DECORATED>
    <FUNCLINE>38</FUNCLINE>
    <PATH></PATH>
  </DEFECT><DEFECT>
    <SFA>
      <FILEPATH>c:\users\jljac\source\repos\anagame\treclib\</FILEPATH>
      <FILENAME>html_reader.cpp</FILENAME>
      <LINE>14</LINE>
      <COLUMN>13</COLUMN>
    </SFA>
    <DEFECTCODE>26495</DEFECTCODE>
    <DESCRIPTION>Variable 'HTML_Reader::usingWide' is uninitialized. Always initialize a member variable (type.6).</DESCRIPTION>
    <FUNCTION>HTML_Reader::{ctor}</FUNCTION>
    <DECORATED>??0HTML_Reader@@QAE@PAVCArchive@@PAVParser_@@@Z</DECORATED>
    <FUNCLINE>14</FUNCLINE>
    <PATH></PATH>
  </DEFECT><DEFECT>
    <SFA>
      <FILEPATH>c:\users\jljac\source\repos\anagame\treclib\</FILEPATH>
      <FILENAME>html_reader.cpp</FILENAME>
      <LINE>23</LINE>
      <COLUMN>13</COLUMN>
    </SFA>
    <DEFECTCODE>26495</DEFECTCODE>
    <DESCRIPTION>Variable 'HTML_Reader::charDeduced' is uninitialized. Always initialize a member variable (type.6).</DESCRIPTION>
    <FUNCTION>HTML_Reader::{ctor}</FUNCTION>
    <DECORATED>??0HTML_Reader@@QAE@PAVTFile@@PAVParser_@@@Z</DECORATED>
    <FUNCLINE>23</FUNCLINE>
    <PATH></PATH>
  </DEFECT><DEFECT>
    <SFA>
      <FILEPATH>c:\users\jljac\source\repos\anagame\treclib\</FILEPATH>
      <FILENAME>integer.cpp</FILENAME>
      <LINE>5</LINE>
      <COLUMN>9</COLUMN>
    </SFA>
    <DEFECTCODE>26495</DEFECTCODE>
    <DESCRIPTION>Variable 'Integer::value' is uninitialized. Always initialize a member variable (type.6).</DESCRIPTION>
    <FUNCTION>Integer::{ctor}</FUNCTION>
    <DECORATED>??0Integer@@QAE@XZ</DECORATED>
    <FUNCLINE>5</FUNCLINE>
    <PATH></PATH>
  </DEFECT><DEFECT>
    <SFA>
      <FILEPATH>c:\users\jljac\source\repos\anagame\treclib\</FILEPATH>
      <FILENAME>long.cpp</FILENAME>
      <LINE>52</LINE>
      <COLUMN>11</COLUMN>
    </SFA>
    <DEFECTCODE>6328</DEFECTCODE>
    <DESCRIPTION>Size mismatch: '__int64' passed as _Param_(2) when 'int' is required in call to 'ATL::CStringT&lt;wchar_t,StrTraitMFC_DLL&lt;wchar_t,ATL::ChTraitsCRT&lt;wchar_t&gt; &gt; &gt;::Format'. </DESCRIPTION>
    <FUNCTION>Long::toString</FUNCTION>
    <DECORATED>?toString@Long@@UAE?AVTString@@XZ</DECORATED>
    <FUNCLINE>49</FUNCLINE>
    <PATH></PATH>
  </DEFECT><DEFECT>
    <SFA>
      <FILEPATH>c:\users\jljac\source\repos\anagame\treclib\</FILEPATH>
      <FILENAME>parsereader_.cpp</FILENAME>
      <LINE>14</LINE>
      <COLUMN>14</COLUMN>
    </SFA>
    <DEFECTCODE>26495</DEFECTCODE>
    <DESCRIPTION>Variable 'ParseReader_::tReader' is uninitialized. Always initialize a member variable (type.6).</DESCRIPTION>
    <FUNCTION>ParseReader_::{ctor}</FUNCTION>
    <DECORATED>??0ParseReader_@@QAE@PAVCArchive@@PAVParser_@@@Z</DECORATED>
    <FUNCLINE>14</FUNCLINE>
    <PATH></PATH>
  </DEFECT><DEFECT>
    <SFA>
      <FILEPATH>c:\users\jljac\source\repos\anagame\treclib\</FILEPATH>
      <FILENAME>parsereader_.cpp</FILENAME>
      <LINE>34</LINE>
      <COLUMN>14</COLUMN>
    </SFA>
    <DEFECTCODE>26495</DEFECTCODE>
    <DESCRIPTION>Variable 'ParseReader_::reader' is uninitialized. Always initialize a member variable (type.6).</DESCRIPTION>
    <FUNCTION>ParseReader_::{ctor}</FUNCTION>
    <DECORATED>??0ParseReader_@@QAE@PAVTFile@@PAVParser_@@@Z</DECORATED>
    <FUNCLINE>34</FUNCLINE>
    <PATH></PATH>
  </DEFECT><DEFECT>
    <SFA>
      <FILEPATH>c:\users\jljac\source\repos\anagame\treclib\</FILEPATH>
      <FILENAME>short.cpp</FILENAME>
      <LINE>5</LINE>
      <COLUMN>7</COLUMN>
    </SFA>
    <DEFECTCODE>26495</DEFECTCODE>
    <DESCRIPTION>Variable 'Short::value' is uninitialized. Always initialize a member variable (type.6).</DESCRIPTION>
    <FUNCTION>Short::{ctor}</FUNCTION>
    <DECORATED>??0Short@@QAE@XZ</DECORATED>
    <FUNCLINE>5</FUNCLINE>
    <PATH></PATH>
  </DEFECT><DEFECT>
    <SFA>
      <FILEPATH>c:\users\jljac\source\repos\anagame\treclib\</FILEPATH>
      <FILENAME>tdataarraybase.h</FILENAME>
      <LINE>13</LINE>
      <COLUMN>0</COLUMN>
    </SFA>
    <DEFECTCODE>26495</DEFECTCODE>
    <DESCRIPTION>Variable 'TDataArrayBase::capacity' is uninitialized. Always initialize a member variable (type.6).</DESCRIPTION>
    <FUNCTION>TDataArrayBase::{ctor}</FUNCTION>
    <DECORATED>??0TDataArrayBase@@QAE@ABV0@@Z</DECORATED>
    <FUNCLINE>13</FUNCLINE>
    <PATH></PATH>
  </DEFECT><DEFECT>
    <SFA>
      <FILEPATH>c:\users\jljac\source\repos\anagame\treclib\</FILEPATH>
      <FILENAME>tdataarraybase.cpp</FILENAME>
      <LINE>5</LINE>
      <COLUMN>16</COLUMN>
    </SFA>
    <DEFECTCODE>26495</DEFECTCODE>
    <DESCRIPTION>Variable 'TDataArrayBase::capacity' is uninitialized. Always initialize a member variable (type.6).</DESCRIPTION>
    <FUNCTION>TDataArrayBase::{ctor}</FUNCTION>
    <DECORATED>??0TDataArrayBase@@QAE@XZ</DECORATED>
    <FUNCLINE>5</FUNCLINE>
    <PATH></PATH>
  </DEFECT><DEFECT>
    <SFA>
      <FILEPATH>c:\users\jljac\source\repos\anagame\treclib\</FILEPATH>
      <FILENAME>tfile.cpp</FILENAME>
      <LINE>29</LINE>
      <COLUMN>6</COLUMN>
    </SFA>
    <DEFECTCODE>26444</DEFECTCODE>
    <DESCRIPTION>Avoid unnamed objects with custom construction and destruction (es.84).</DESCRIPTION>
    <FUNCTION>TFile::{ctor}</FUNCTION>
    <DECORATED>??0TFile@@QAE@PB_WI@Z</DECORATED>
    <FUNCLINE>26</FUNCLINE>
    <PATH></PATH>
  </DEFECT><DEFECT>
    <SFA>
      <FILEPATH>c:\users\jljac\source\repos\anagame\treclib\</FILEPATH>
      <FILENAME>tfile.cpp</FILENAME>
      <LINE>47</LINE>
      <COLUMN>6</COLUMN>
    </SFA>
    <DEFECTCODE>26444</DEFECTCODE>
    <DESCRIPTION>Avoid unnamed objects with custom construction and destruction (es.84).</DESCRIPTION>
    <FUNCTION>TFile::{ctor}</FUNCTION>
    <DECORATED>??0TFile@@QAE@AAVTString@@I@Z</DECORATED>
    <FUNCLINE>44</FUNCLINE>
    <PATH></PATH>
  </DEFECT><DEFECT>
    <SFA>
      <FILEPATH>c:\users\jljac\source\repos\anagame\treclib\</FILEPATH>
      <FILENAME>trecpointerbase.cpp</FILENAME>
      <LINE>19</LINE>
      <COLUMN>17</COLUMN>
    </SFA>
    <DEFECTCODE>26495</DEFECTCODE>
    <DESCRIPTION>Variable 'TrecPointerBase::index' is uninitialized. Always initialize a member variable (type.6).</DESCRIPTION>
    <FUNCTION>TrecPointerBase::{ctor}</FUNCTION>
    <DECORATED>??0TrecPointerBase@@QAE@XZ</DECORATED>
    <FUNCLINE>19</FUNCLINE>
    <PATH></PATH>
  </DEFECT><DEFECT>
    <SFA>
      <FILEPATH>c:\users\jljac\source\repos\anagame\treclib\</FILEPATH>
      <FILENAME>trecpointerbase.cpp</FILENAME>
      <LINE>29</LINE>
      <COLUMN>17</COLUMN>
    </SFA>
    <DEFECTCODE>26495</DEFECTCODE>
    <DESCRIPTION>Variable 'TrecPointerBase::index' is uninitialized. Always initialize a member variable (type.6).</DESCRIPTION>
    <FUNCTION>TrecPointerBase::{ctor}</FUNCTION>
    <DECORATED>??0TrecPointerBase@@QAE@AAV0@@Z</DECORATED>
    <FUNCLINE>29</FUNCLINE>
    <PATH></PATH>
  </DEFECT></DEFECTS>